Bank_Ref_ID,Clearance_Date,Depositor_Name,Amount_Settled
BNK-84668,2026-09-22,HDFC Bank Ltd,6125.48
BNK-96163,2026-09-12,INFOSYS,15044.48
BNK-44179,2026-09-27,HDFC Bank Ltd,35451.48
BNK-44814,2026-10-02,Amazon India,8912.25
BNK-69929,2026-09-17,Reliance Retail,6340.87
BNK-83792,2026-09-08,Infosys,27740.99
BNK-76307,2026-09-02,Amazon India,13947.69
BNK-42018,2026-09-23,Amazon India,23878.39
BNK-81200,2026-09-16,Paytm Digital,17518.58
BNK-95717,2026-10-01,Reliance Retail,39146.33
BNK-49240,2026-09-09,Swiggy Delivery,20311.27
BNK-27601,2026-09-06,Infosys Limited,48074.59
BNK-30374,2026-09-12,HDFC Bank Ltd,9173.56
BNK-93130,2026-09-07,ZOMATO,43137.25
BNK-16658,2026-09-23,Wipro Tech,41320.77
BNK-15778,2026-09-26,Flipkart Online,29130.26
BNK-31178,2026-09-13,Paytm Digital,44845.33
BNK-83519,2026-09-15,Paytm Digital,13652.99
BNK-81511,2026-09-28,Wipro Tech,49334.97
BNK-50404,2026-09-16,WIPRO TECH,25403.46
BNK-37535,2026-09-28,Zomato Media,12319.43
BNK-63264,2026-09-15,Infosys,35157.88
BNK-31299,2026-09-26,HDFC Bank,32410.9
BNK-13248,2026-09-07,Amazon India,37810.71
BNK-63964,2026-09-08,Flipkart Online,22075.49
BNK-44970,2026-10-03,Amazon India,14882.68
BNK-71694,2026-09-14,Rel Retail,15307.16
BNK-39831,2026-09-04,Zomato Media,23052.42
BNK-19099,2026-09-06,INFOSYS,46091.13
BNK-76768,2026-09-21,Zomato Media,14568.19
BNK-13617,2026-09-19,Swiggy Delivery,44810.74
BNK-44795,2026-09-23,Flipkart Online,11429.22
BNK-51114,2026-09-20,Wipro Tech,38615.62
BNK-34914,2026-09-17,Paytm Digital,22973.02
BNK-78146,2026-09-11,Tata Consultancy Services,27928.68
BNK-97900,2026-09-06,Reliance Retail,43749.63
BNK-53279,2026-09-07,Tata Consult Services,40643.57
BNK-49363,2026-09-17,Paytm Digital,7858.75
BNK-62743,2026-09-16,Paytm Digital,49825.46
BNK-59695,2026-09-20,WIPRO TECH,48698.53
BNK-49446,2026-09-29,Reliance Retail,35612.75
BNK-37549,2026-09-05,Amazon India,38789.5
BNK-52237,2026-09-28,Zomato Media,10019.85
BNK-77000,2026-09-16,Tata Consultancy Services,25417.57
BNK-77561,2026-10-04,WIPRO TECH,48734.96
BNK-40784,2026-09-28,Tata Consultancy Services,27845.68
BNK-29313,2026-09-05,Wipro Tech,42875.12
BNK-19545,2026-09-14,Tata Consultancy Services,29272.06
BNK-60328,2026-09-28,Amazon India,46332.21
BNK-23970,2026-09-21,Zomato,26987.26
BNK-77889,2026-09-05,Zomato,44542.48
BNK-69829,2026-09-30,Wipro Tech,15775.35
BNK-83259,2026-09-10,Paytm Digital,47612.73
BNK-76162,2026-09-05,Flipkart Online,41721.05
BNK-30861,2026-09-28,Amazon India,39462.55
BNK-42406,2026-09-07,Flipkart Online,47608.19
BNK-78327,2026-09-08,Wipro Tech,28745.32
BNK-47450,2026-09-21,SWIGGY DELIVERY,48396.33
BNK-80798,2026-10-02,Amazon India,38986.93
BNK-38043,2026-09-24,Infosys,37082.7
BNK-71069,2026-09-15,Zomato Media,24714.5
BNK-61049,2026-09-18,Flipkart Online,10445.19
BNK-12560,2026-09-11,HDFC Bank Ltd,20213.85
BNK-10772,2026-09-22,Amazon India,15355.16
BNK-64921,2026-09-10,Reliance Retail,8194.69
BNK-89069,2026-09-24,Reliance Retail,15302.38
BNK-13804,2026-10-01,REL RETAIL,43683.59
BNK-62994,2026-09-06,Amazon India,15710.21
BNK-91560,2026-09-24,Flipkart Online,14640.66
BNK-96900,2026-09-07,Paytm Digital,30929.52
BNK-33819,2026-09-08,HDFC Bank Ltd,9361.89
BNK-69598,2026-09-16,Zomato Media,24061.04
BNK-65255,2026-09-17,Rel Retail,35301.4
BNK-80702,2026-09-22,HDFC Bank Ltd,7727.57
BNK-95426,2026-09-26,ZOMATO,41026.66
BNK-41266,2026-09-07,Wipro Tech,25818.26
BNK-70952,2026-10-01,HDFC Bank,24940.88
BNK-25012,2026-09-30,Amazon India,9405.89
BNK-24168,2026-09-22,Amazon India,42621.24
BNK-59192,2026-09-05,Infosys Limited,12484.0
BNK-92213,2026-09-19,Flipkart Online,14618.63
BNK-99687,2026-09-16,Reliance Retail,12408.67
BNK-84177,2026-09-02,Swiggy Delivery,16934.14
BNK-96706,2026-09-28,Flipkart Online,17836.22
BNK-11658,2026-09-26,Amazon India,34784.21
BNK-93307,2026-09-18,Tata Consult Services,13545.4
BNK-67080,2026-09-09,Reliance Retail,31063.11
BNK-45400,2026-09-21,Reliance Retail,38658.9
BNK-70931,2026-09-05,Reliance Retail,31287.99
BNK-52245,2026-09-20,Amazon India,12084.47
BNK-70910,2026-10-02,AMAZON INDIA,8605.02
BNK-13761,2026-09-09,HDFC Bank Ltd,31776.58
