Order_ID,Transaction_Date,Customer_Name,Amount_Billed
TXN-1001,2026-09-21,HDFC Bank Ltd,6125.48
TXN-1002,2026-09-09,Infosys Limited,15044.48
TXN-1003,2026-09-24,HDFC Bank Ltd,35451.48
TXN-1004,2026-09-29,Amazon India,8912.25
TXN-1005,2026-09-14,Reliance Retail,6340.87
TXN-1006,2026-09-07,Infosys Limited,27740.99
TXN-1007,2026-09-01,Amazon India,13947.69
TXN-1008,2026-09-21,Amazon India,23878.39
TXN-1009,2026-09-15,Paytm Digital,17518.58
TXN-1010,2026-09-28,Reliance Retail,39146.33
TXN-1011,2026-09-06,Swiggy Delivery,20311.27
TXN-1012,2026-09-05,Infosys Limited,48074.59
TXN-1013,2026-09-11,HDFC Bank Ltd,9173.56
TXN-1014,2026-09-04,Zomato Media,43137.25
TXN-1015,2026-09-20,Wipro Tech,41320.77
TXN-1016,2026-09-24,Flipkart Online,29130.26
TXN-1017,2026-09-30,Swiggy Delivery,8546.01
TXN-1018,2026-09-10,Paytm Digital,44845.33
TXN-1019,2026-09-12,Paytm Digital,13652.99
TXN-1020,2026-09-03,Reliance Retail,34756.85
TXN-1021,2026-09-25,Wipro Tech,49334.97
TXN-1022,2026-09-28,Infosys Limited,43991.77
TXN-1023,2026-09-13,Wipro Tech,25403.46
TXN-1024,2026-09-27,Zomato Media,12319.43
TXN-1025,2026-09-12,Infosys Limited,35157.88
TXN-1026,2026-09-23,HDFC Bank Ltd,32410.9
TXN-1027,2026-09-06,Amazon India,37810.71
TXN-1028,2026-09-06,Flipkart Online,22075.49
TXN-1029,2026-09-30,Amazon India,14882.68
TXN-1030,2026-09-11,Reliance Retail,15307.16
TXN-1031,2026-09-02,Zomato Media,23052.42
TXN-1032,2026-09-03,Infosys Limited,46091.13
TXN-1033,2026-09-19,Zomato Media,14568.19
TXN-1034,2026-09-16,Swiggy Delivery,44810.74
TXN-1035,2026-09-21,Flipkart Online,11429.22
TXN-1036,2026-09-05,Infosys Limited,38524.5
TXN-1037,2026-09-18,Wipro Tech,38615.62
TXN-1038,2026-09-14,Paytm Digital,22973.02
TXN-1039,2026-09-08,Tata Consultancy Services,27928.68
TXN-1040,2026-09-03,Reliance Retail,43749.63
TXN-1041,2026-09-05,Tata Consultancy Services,40643.57
TXN-1042,2026-09-14,Paytm Digital,7858.75
TXN-1043,2026-09-13,Paytm Digital,49825.46
TXN-1044,2026-09-17,Wipro Tech,48698.53
TXN-1045,2026-09-28,Reliance Retail,35612.75
TXN-1046,2026-09-04,Amazon India,38789.5
TXN-1047,2026-09-25,Zomato Media,10019.85
TXN-1048,2026-09-14,Tata Consultancy Services,25417.57
TXN-1049,2026-10-01,Wipro Tech,48734.96
TXN-1050,2026-09-25,Tata Consultancy Services,27845.68
TXN-1051,2026-09-04,Wipro Tech,42875.12
TXN-1052,2026-09-17,Paytm Digital,13951.0
TXN-1053,2026-09-12,Tata Consultancy Services,29272.06
TXN-1054,2026-09-25,Amazon India,46332.21
TXN-1055,2026-09-20,Zomato Media,26987.26
TXN-1056,2026-09-04,Zomato Media,44542.48
TXN-1057,2026-09-27,Wipro Tech,15775.35
TXN-1058,2026-09-08,Paytm Digital,47612.73
TXN-1059,2026-09-03,Flipkart Online,41721.05
TXN-1060,2026-09-25,Amazon India,39462.55
TXN-1061,2026-09-05,Flipkart Online,47608.19
TXN-1062,2026-09-06,Wipro Tech,28745.32
TXN-1063,2026-09-20,Swiggy Delivery,48396.33
TXN-1064,2026-09-30,Amazon India,38986.93
TXN-1065,2026-09-23,Infosys Limited,37082.7
TXN-1066,2026-09-13,Zomato Media,24714.5
TXN-1067,2026-09-17,Flipkart Online,10445.19
TXN-1068,2026-09-08,HDFC Bank Ltd,20213.85
TXN-1069,2026-09-19,Amazon India,15355.16
TXN-1070,2026-09-08,Reliance Retail,8194.69
TXN-1071,2026-09-21,Reliance Retail,15302.38
TXN-1072,2026-09-29,Reliance Retail,43683.59
TXN-1073,2026-09-03,Amazon India,15710.21
TXN-1074,2026-09-22,Flipkart Online,14640.66
TXN-1075,2026-09-05,Paytm Digital,30929.52
TXN-1076,2026-09-08,Flipkart Online,41337.36
TXN-1077,2026-09-07,HDFC Bank Ltd,9361.89
TXN-1078,2026-09-14,Zomato Media,24061.04
TXN-1079,2026-09-15,Reliance Retail,35301.4
TXN-1080,2026-09-21,HDFC Bank Ltd,7727.57
TXN-1081,2026-09-24,Zomato Media,41026.66
TXN-1082,2026-09-04,Infosys Limited,13621.55
TXN-1083,2026-09-18,Flipkart Online,11308.2
TXN-1084,2026-09-06,Wipro Tech,25818.26
TXN-1085,2026-09-28,HDFC Bank Ltd,24940.88
TXN-1086,2026-09-28,Amazon India,9405.89
TXN-1087,2026-09-21,Amazon India,42621.24
TXN-1088,2026-09-03,Infosys Limited,12484.0
TXN-1089,2026-09-16,Flipkart Online,14618.63
TXN-1090,2026-09-13,Reliance Retail,12408.67
TXN-1091,2026-09-01,Swiggy Delivery,16934.14
TXN-1092,2026-09-26,Flipkart Online,17836.22
TXN-1093,2026-09-23,Amazon India,34784.21
TXN-1094,2026-09-16,Tata Consultancy Services,13545.4
TXN-1095,2026-09-07,Reliance Retail,31063.11
TXN-1096,2026-09-18,Reliance Retail,38658.9
TXN-1097,2026-09-02,Reliance Retail,31287.99
TXN-1098,2026-09-17,Amazon India,12084.47
TXN-1099,2026-10-01,Amazon India,8605.02
TXN-1100,2026-09-06,HDFC Bank Ltd,31776.58
